K17_V003,11178,Mộc Châu
K17_V007,5248,Mộc Châu
K11_V027,6498,Mộc Châu
K05_V010,9393,Mộc Châu
K13_V009,9174,Mộc Châu
K01_V023,15783,Mộc Châu
K18_V001,8955,Mộc Châu
K06_V028,8820,Mộc Châu
K18_V001,9015,Mộc Châu
K16_V013,13005,Mộc Châu
K16_V028,3003,Mộc Châu
L21_V027,8192,Mộc Châu
K07_V028,7050,Mộc Châu
K05_V013,26781,Mộc Châu
K13_V021,12543,Mộc Châu
K05_V030,8922,Mộc Châu
K13_V013,4491,Mộc Châu
L29_V020,11842,Mộc Châu
K06_V021,8225,Mộc Châu
K07_V007,9315,Mộc Châu
K20_V017,3635,Mộc Châu
K20_V023,14130,Mộc Châu
K08_V010,9807,Mộc Châu
K13_V013,3080,Mộc Châu
K14_V006,5771,Mộc Châu
K13_V028,7949,Mộc Châu
K19_V004,12570,Mộc Châu
K13_V008,4362,Mộc Châu
K08_V007,6669,Mộc Châu
K08_V028,8117,Mộc Châu
K19_V011,27849,Mộc Châu
K08_V024,18531,Mộc Châu
K11_V027,6468,Mộc Châu
K09_V006,8514,Mộc Châu
K07_V013,6245,Mộc Châu
K15_V006,31569,Mộc Châu
K04_V026,16890,Mộc Châu
K20_V013,9201,Mộc Châu
L29_V013,11070,Mộc Châu
K13_V003,7533,Mộc Châu
K06_V029,13496,Mộc Châu
K13_V008,4427,Mộc Châu
K11_V026,2255,Mộc Châu
K06_V017,2409,Mộc Châu
K05_V013,2444,Mộc Châu
K07_V004,3611,Mộc Châu
K06_V005,9261,Mộc Châu
K09_V011,14118,Mộc Châu
K11_V025,8100,Mộc Châu
K08_V009,4062,Mộc Châu
K15_V027,5939,Mộc Châu
K12_V024,10002,Mộc Châu
K01_V011,9985,Mộc Châu
K10_V022,16487,Mộc Châu
L22_V002,4050,Mộc Châu
K02_V010,2207,Mộc Châu
K13_V002,2304,Mộc Châu
L30_V092,3839,Mộc Châu
L29_V013,11024,Mộc Châu
K12_V020,11001,Mộc Châu
L29_V013,10530,Mộc Châu
K07_V017,6792,Mộc Châu
K05_V013,2130,Mộc Châu
L22_V007,9659,Mộc Châu
K12_V005,11960,Mộc Châu
K04_V030,7070,Mộc Châu
L29_V020,12555,Mộc Châu
L25_V087,2100,Mộc Châu
L29_V017,23844,Mộc Châu
L25_V087,2250,Mộc Châu
L29_V013,10665,Mộc Châu
K18_V022,21087,Mộc Châu
K19_V031,5694,Mộc Châu
K13_V028,7565,Mộc Châu
K07_V005,6351,Mộc Châu
K13_V027,8802,Mộc Châu
K11_V015,23039,Mộc Châu
L25_V087,2023,Mộc Châu
L29_V013,11745,Mộc Châu
L25_V087,18450,Mộc Châu
L25_V087,18750,Mộc Châu
L25_V087,19050,Mộc Châu
L25_V087,19650,Mộc Châu
L25_V087,19200,Mộc Châu
L25_V087,18600,Mộc Châu
L25_V087,19350,Mộc Châu
L25_V087,18900,Mộc Châu
L28_V007,4,Mộc Châu
L25_V024,557,Mộc Châu
L25_V016,27906,Mộc Châu
L28_V003,4,Mộc Châu
L25_V087,13800,Mộc Châu
L25_V016,27756,Mộc Châu
L25_V024,18004,Mộc Châu
L25_V016,20460,Mộc Châu
L25_V016,20310,Mộc Châu
L25_V087,19500,Mộc Châu
L21_V006,2517,Mộc Châu
L25_V016,5366,Mộc Châu
L25_V024,17554,Mộc Châu
